"entityName","avg_activity"
"{AJ667}","0.88827938742588398815"
"{7F4F9}","0.91878271511768343185"
"{AB475}","0.93258785181483593478"
"{AB563}","0.93623537872239800909"
"{1AD72C}","0.93757255267119255755"
"{AD750}","0.94897717026822262632"
"{AH277}","0.95021135680967028586"
"{AB569}","0.95422860918100122854"
"{AF415}","0.95711861316429141960"
"{AH273}","0.96357563194949790748"
